day,count
Monday,16828.090909090908
Tuesday,16624.454545454544
Wednesday,16703.0
Thursday,16738.0
Friday,18257.727272727272
Saturday,17683.636363636364
Sunday,16677.454545454544
